,title,author,num_rating,num_reviews,avg_rating,num_pages,original_publish_year,series,genres,award,place,url
0,City of Ashes,Cassandra Clare,789890,30433,4.15,453.0,2008.0,True,"['Fantasy', 'Young Adult', 'Fantasy Paranormal', 'Romance', 'Fantasy Urban Fantasy', 'Paranormal Vampires', 'Fiction', 'Fantasy Supernatural', 'Paranormal Angels', 'Fantasy Magic']",2.0,United States,https://www.goodreads.com//book/show/1582996.City_of_Ashes
1,"Hush, Hush",Becca Fitzpatrick,604799,25700,3.95,391.0,2009.0,True,"['Young Adult', 'Fantasy', 'Romance', 'Fantasy Paranormal', 'Paranormal Angels', 'Romance Paranormal Romance', 'Fantasy Supernatural', 'Fiction', 'Fantasy Urban Fantasy', 'Young Adult Young Adult Fantasy']",1.0,United States,https://www.goodreads.com//book/show/6339664-hush-hush
2,City of Glass,Cassandra Clare,834493,29068,4.3,541.0,2009.0,True,"['Fantasy', 'Young Adult', 'Fantasy Paranormal', 'Romance', 'Fantasy Urban Fantasy', 'Paranormal Vampires', 'Fiction', 'Paranormal Angels', 'Fantasy Supernatural', 'Fantasy Magic']",3.0,United States,https://www.goodreads.com//book/show/3777732-city-of-glass
3,Clockwork Angel,Cassandra Clare,709673,33612,4.31,479.0,2010.0,True,"['Fantasy', 'Young Adult', 'Romance', 'Fantasy Paranormal', 'Science Fiction Steampunk', 'Historical Historical Fiction', 'Fiction', 'Fantasy Urban Fantasy', 'Paranormal Vampires', 'Paranormal Angels']",10.0,United Kingdom,https://www.goodreads.com//book/show/7171637-clockwork-angel
4,Marked,P.C. Cast,448042,14504,3.8,306.0,2007.0,True,"['Young Adult', 'Fantasy', 'Paranormal Vampires', 'Fantasy Paranormal', 'Romance', 'Fiction', 'Fantasy Supernatural', 'Fantasy Urban Fantasy', 'Romance Paranormal Romance', 'Young Adult Teen']",1.0,United States,https://www.goodreads.com//book/show/30183.Marked
5,Graceling,Kristin Cashore,405352,23004,4.07,471.0,2008.0,True,"['Fantasy', 'Young Adult', 'Romance', 'Fiction', 'Adventure', 'Young Adult Young Adult Fantasy', 'Fantasy Magic', 'Fantasy High Fantasy', 'Young Adult Teen', 'Fantasy Paranormal']",18.0,,https://www.goodreads.com//book/show/3236307-graceling
6,Shiver,Maggie Stiefvater,448130,23237,3.76,392.0,2009.0,True,"['Young Adult', 'Fantasy', 'Romance', 'Fantasy Paranormal', 'Shapeshifters Werewolves', 'Fiction', 'Romance Paranormal Romance', 'Fantasy Supernatural', 'Fantasy Urban Fantasy', 'Young Adult Teen']",12.0,United States,https://www.goodreads.com//book/show/6068551-shiver
7,Frostbite,Richelle Mead,324008,11587,4.26,327.0,2008.0,True,"['Young Adult', 'Paranormal Vampires', 'Fantasy', 'Fantasy Paranormal', 'Romance', 'Fantasy Urban Fantasy', 'Romance Paranormal Romance', 'Fantasy Supernatural', 'Fiction', 'Fantasy Magic']",,United States,https://www.goodreads.com//book/show/2282133.Frostbite
8,"I'd Tell You I Love You, But Then I'd Have to Kill You",Ally Carter,180500,7607,3.82,284.0,2006.0,True,"['Young Adult', 'Romance', 'Mystery', 'Contemporary', 'Fiction', 'Spy Thriller Espionage', 'Womens Fiction Chick Lit', 'Adventure', 'Young Adult Teen', 'Realistic Fiction']",2.0,United States,https://www.goodreads.com//book/show/852470.I_d_Tell_You_I_Love_You_But_Then_I_d_Have_to_Kill_You
9,Matched,Ally Condie,681062,33511,3.65,369.0,2010.0,True,"['Young Adult', 'Science Fiction Dystopia', 'Romance', 'Science Fiction', 'Fiction', 'Fantasy', 'Young Adult Teen', 'Audiobook', 'Futuristic', 'Apocalyptic Post Apocalyptic']",11.0,,https://www.goodreads.com//book/show/7735333-matched
10,The Last Olympian,Rick Riordan,717751,25245,4.5,381.0,2009.0,True,"['Fantasy', 'Young Adult', 'Fantasy Mythology', 'Fiction', 'Childrens Middle Grade', 'Adventure', 'Childrens', 'Mythology Greek Mythology', 'Fantasy Urban Fantasy', 'Fantasy Magic']",4.0,United States,https://www.goodreads.com//book/show/4556058-the-last-olympian
11,The Angel Experiment,James Patterson,211687,9431,4.07,445.0,2006.0,True,"['Young Adult', 'Fantasy', 'Science Fiction', 'Fiction', 'Adventure', 'Fantasy Paranormal', 'Young Adult Teen', 'Action', 'Mystery', 'Fantasy Urban Fantasy']",2.0,United States,https://www.goodreads.com//book/show/13152.The_Angel_Experiment
12,Cinder,Marissa Meyer,730194,56876,4.13,400.0,,True,"['Young Adult', 'Fantasy', 'Science Fiction', 'Romance', 'Science Fiction Dystopia', 'Retellings', 'Fiction', 'Fantasy Fairy Tales', 'Audiobook', 'Young Adult Young Adult Fantasy']",12.0,,https://www.goodreads.com//book/show/36381037-cinder
13,The Titan's Curse,Rick Riordan,739369,22821,4.34,320.0,2007.0,True,"['Fantasy', 'Young Adult', 'Fantasy Mythology', 'Fiction', 'Childrens Middle Grade', 'Adventure', 'Childrens', 'Mythology Greek Mythology', 'Fantasy Urban Fantasy', 'Fantasy Magic']",1.0,,https://www.goodreads.com//book/show/561456.The_Titan_s_Curse
14,Shadow Kiss,Richelle Mead,338747,11508,4.33,443.0,2008.0,True,"['Young Adult', 'Paranormal Vampires', 'Fantasy', 'Fantasy Paranormal', 'Romance', 'Fantasy Urban Fantasy', 'Romance Paranormal Romance', 'Fantasy Supernatural', 'Fiction', 'Fantasy Magic']",1.0,United States,https://www.goodreads.com//book/show/2802316-shadow-kiss
15,The Battle of the Labyrinth,Rick Riordan,791107,20891,4.39,361.0,2008.0,True,"['Fantasy', 'Young Adult', 'Fantasy Mythology', 'Fiction', 'Childrens Middle Grade', 'Adventure', 'Childrens', 'Mythology Greek Mythology', 'Fantasy Urban Fantasy', 'Fantasy Magic']",,,https://www.goodreads.com//book/show/2120932.The_Battle_of_the_Labyrinth
16,Blood Promise,Richelle Mead,289240,9958,4.3,503.0,2009.0,True,"['Young Adult', 'Paranormal Vampires', 'Fantasy', 'Fantasy Paranormal', 'Romance', 'Fantasy Urban Fantasy', 'Romance Paranormal Romance', 'Fantasy Supernatural', 'Fiction', 'Fantasy Magic']",2.0,United States,https://www.goodreads.com//book/show/5996153-blood-promise
17,The Lost Hero,Rick Riordan,665668,23132,4.32,553.0,2010.0,True,"['Fantasy', 'Young Adult', 'Fantasy Mythology', 'Fiction', 'Childrens Middle Grade', 'Adventure', 'Childrens', 'Mythology Greek Mythology', 'Fantasy Urban Fantasy', 'Young Adult Young Adult Fantasy']",3.0,United States,https://www.goodreads.com//book/show/7736182-the-lost-hero
18,The Selection,Kiera Cass,991358,53190,4.12,336.0,2012.0,True,"['Young Adult', 'Romance', 'Science Fiction Dystopia', 'Fantasy', 'Fiction', 'Science Fiction', 'Audiobook', 'Young Adult Teen', 'Womens Fiction Chick Lit', 'Young Adult Young Adult Fantasy']",2.0,,https://www.goodreads.com//book/show/10507293-the-selection
19,Pretties,Scott Westerfeld,239790,10407,3.84,370.0,2005.0,True,"['Young Adult', 'Science Fiction Dystopia', 'Science Fiction', 'Fiction', 'Fantasy', 'Romance', 'Young Adult Teen', 'Adventure', 'Apocalyptic Post Apocalyptic', 'Science Fiction Fantasy']",,,https://www.goodreads.com//book/show/24768.Pretties
20,Eldest,Christopher Paolini,376200,9883,3.99,704.0,2007.0,True,"['Fantasy', 'Young Adult', 'Fiction', 'Fantasy Dragons', 'Adventure', 'Fantasy Magic', 'Fantasy High Fantasy', 'Fantasy Epic Fantasy', 'Science Fiction Fantasy', 'Young Adult Young Adult Fantasy']",4.0,,https://www.goodreads.com//book/show/45978.Eldest
21,Legend,Marie Lu,435246,29892,4.16,305.0,2011.0,True,"['Young Adult', 'Science Fiction Dystopia', 'Science Fiction', 'Romance', 'Fantasy', 'Fiction', 'Adventure', 'Young Adult Teen', 'Audiobook', 'Action']",10.0,,https://www.goodreads.com//book/show/9275658-legend
22,Evermore,Alyson Noel,273199,9854,3.59,301.0,2009.0,True,"['Young Adult', 'Fantasy', 'Fantasy Paranormal', 'Romance', 'Romance Paranormal Romance', 'Fantasy Supernatural', 'Fiction', 'Fantasy Urban Fantasy', 'Paranormal Vampires', 'Fantasy Magic']",2.0,United States,https://www.goodreads.com//book/show/3975774-evermore
23,The Summoning,Kelley Armstrong,163248,6315,4.0,390.0,2008.0,True,"['Young Adult', 'Fantasy', 'Fantasy Paranormal', 'Fantasy Urban Fantasy', 'Fantasy Supernatural', 'Fantasy Magic', 'Romance', 'Paranormal Ghosts', 'Shapeshifters Werewolves', 'Fiction']",1.0,United States,https://www.goodreads.com//book/show/2800905-the-summoning
24,Gone,Michael  Grant,185271,10986,3.86,560.0,2008.0,True,"['Young Adult', 'Science Fiction Dystopia', 'Science Fiction', 'Fantasy', 'Fiction', 'Fantasy Paranormal', 'Romance', 'Adventure', 'Fantasy Supernatural', 'Young Adult Teen']",1.0,United States,https://www.goodreads.com//book/show/2536134.Gone
25,Spirit Bound,Richelle Mead,270255,9050,4.33,489.0,2010.0,True,"['Young Adult', 'Paranormal Vampires', 'Fantasy', 'Fantasy Paranormal', 'Romance', 'Fantasy Urban Fantasy', 'Romance Paranormal Romance', 'Fantasy Supernatural', 'Fiction', 'Fantasy Magic']",3.0,United States,https://www.goodreads.com//book/show/6479259-spirit-bound
26,A Great and Terrible Beauty,Libba Bray,218207,9972,3.78,403.0,2003.0,True,"['Fantasy', 'Young Adult', 'Historical Historical Fiction', 'Fiction', 'Historical', 'Fantasy Paranormal', 'Romance', 'Fantasy Magic', 'Young Adult Teen', 'Young Adult Young Adult Fantasy']",2.0,United Kingdom,https://www.goodreads.com//book/show/3682.A_Great_and_Terrible_Beauty
27,The Iron King,Julie Kagawa,202536,12119,3.89,363.0,2010.0,True,"['Fantasy', 'Young Adult', 'Romance', 'Fantasy Paranormal', 'Fairies Fae', 'Paranormal Fairies', 'Fantasy Urban Fantasy', 'Fantasy Magic', 'Fiction', 'Young Adult Young Adult Fantasy']",2.0,United States,https://www.goodreads.com//book/show/6644117-the-iron-king
28,Last Sacrifice,Richelle Mead,264837,11399,4.37,594.0,2010.0,True,"['Young Adult', 'Paranormal Vampires', 'Fantasy', 'Fantasy Paranormal', 'Romance', 'Fantasy Urban Fantasy', 'Romance Paranormal Romance', 'Fantasy Supernatural', 'Fiction', 'Fantasy Magic']",1.0,United States,https://www.goodreads.com//book/show/6527740-last-sacrifice
29,The Night Circus,Erin Morgenstern,733059,77424,4.03,391.0,2011.0,False,"['Fantasy', 'Fiction', 'Romance', 'Historical Historical Fiction', 'Fantasy Magic', 'Young Adult', 'Magical Realism', 'Adult', 'Audiobook', 'Historical']",11.0,United Kingdom,https://www.goodreads.com//book/show/9361589-the-night-circus
30,Betrayed,P.C. Cast,248886,5571,3.92,310.0,2007.0,True,"['Young Adult', 'Paranormal Vampires', 'Fantasy', 'Fantasy Paranormal', 'Romance', 'Fiction', 'Fantasy Supernatural', 'Fantasy Urban Fantasy', 'Romance Paranormal Romance', 'Fantasy Magic']",,United States,https://www.goodreads.com//book/show/676924.Betrayed
31,Wicked Lovely,Melissa Marr,162248,7136,3.69,328.0,2007.0,True,"['Fantasy', 'Young Adult', 'Romance', 'Fantasy Paranormal', 'Fantasy Urban Fantasy', 'Paranormal Fairies', 'Fairies Fae', 'Fiction', 'Romance Paranormal Romance', 'Fantasy Magic']",3.0,United States,https://www.goodreads.com//book/show/305234.Wicked_Lovely
32,Chosen,P.C. Cast,227771,4437,3.91,307.0,2008.0,True,"['Young Adult', 'Paranormal Vampires', 'Fantasy', 'Fantasy Paranormal', 'Romance', 'Fiction', 'Fantasy Supernatural', 'Romance Paranormal Romance', 'Fantasy Urban Fantasy', 'Fantasy Magic']",,United States,https://www.goodreads.com//book/show/1326258.Chosen
33,The Graveyard Book,Neil Gaiman,460858,32760,4.13,307.0,2008.0,False,"['Fantasy', 'Young Adult', 'Fiction', 'Horror', 'Childrens Middle Grade', 'Childrens', 'Fantasy Paranormal', 'Audiobook', 'Paranormal Ghosts', 'Fantasy Supernatural']",18.0,United Kingdom,https://www.goodreads.com//book/show/2213661.The_Graveyard_Book
34,City of Fallen Angels,Cassandra Clare,511230,23763,4.11,425.0,2011.0,True,"['Fantasy', 'Young Adult', 'Fantasy Paranormal', 'Romance', 'Fantasy Urban Fantasy', 'Paranormal Vampires', 'Fiction', 'Paranormal Angels', 'Fantasy Supernatural', 'Fantasy Magic']",1.0,United States,https://www.goodreads.com//book/show/6752378-city-of-fallen-angels
35,Untamed,P.C. Cast,221813,3669,3.94,338.0,2008.0,True,"['Young Adult', 'Paranormal Vampires', 'Fantasy', 'Fantasy Paranormal', 'Romance', 'Fiction', 'Fantasy Supernatural', 'Fantasy Urban Fantasy', 'Romance Paranormal Romance', 'Fantasy Magic']",,United States,https://www.goodreads.com//book/show/2866718-untamed
36,Shatter Me,Tahereh Mafi,317326,30693,3.93,338.0,2011.0,True,"['Young Adult', 'Science Fiction Dystopia', 'Fantasy', 'Romance', 'Science Fiction', 'Fantasy Paranormal', 'Fiction', 'Young Adult Young Adult Fantasy', 'Fantasy Supernatural', 'Audiobook']",1.0,,https://www.goodreads.com//book/show/10429045-shatter-me
37,The Alchemyst,Michael Scott,148667,8510,3.84,369.0,2008.0,True,"['Fantasy', 'Young Adult', 'Fiction', 'Fantasy Magic', 'Adventure', 'Fantasy Mythology', 'Childrens Middle Grade', 'Fantasy Urban Fantasy', 'Childrens', 'Young Adult Young Adult Fantasy']",3.0,United States,https://www.goodreads.com//book/show/3168250-the-alchemyst
38,Blue Bloods,Melissa de la Cruz,136612,4963,3.69,302.0,2007.0,True,"['Young Adult', 'Paranormal Vampires', 'Fantasy', 'Fantasy Paranormal', 'Romance', 'Fantasy Urban Fantasy', 'Fantasy Supernatural', 'Fiction', 'Romance Paranormal Romance', 'Paranormal Angels']",,United States,https://www.goodreads.com//book/show/872333.Blue_Bloods
39,Clockwork Prince,Cassandra Clare,471195,24797,4.43,498.0,2011.0,True,"['Fantasy', 'Young Adult', 'Romance', 'Fantasy Paranormal', 'Science Fiction Steampunk', 'Historical Historical Fiction', 'Fantasy Urban Fantasy', 'Fiction', 'Paranormal Angels', 'Paranormal Vampires']",2.0,United Kingdom,https://www.goodreads.com//book/show/10025305-clockwork-prince
40,Inkspell,Cornelia Funke,117414,4157,3.9,635.0,2005.0,True,"['Fantasy', 'Young Adult', 'Fiction', 'Childrens', 'Childrens Middle Grade', 'Adventure', 'Fantasy Magic', 'Writing Books About Books', 'Young Adult Young Adult Fantasy', 'European Literature German Literature']",2.0,,https://www.goodreads.com//book/show/28195.Inkspell
41,Dark Lover,J.R. Ward,302148,13410,4.17,393.0,2005.0,True,"['Romance', 'Fantasy Paranormal', 'Paranormal Vampires', 'Romance Paranormal Romance', 'Fantasy', 'Fantasy Urban Fantasy', 'Adult', 'Fiction', 'Fantasy Supernatural', 'Adult Fiction Erotica']",5.0,United States,https://www.goodreads.com//book/show/42899.Dark_Lover
42,Beautiful Disaster,Jamie McGuire,571272,28796,4.08,319.0,2011.0,True,"['Romance', 'New Adult', 'Contemporary', 'Young Adult', 'Romance Contemporary Romance', 'Academic College', 'Fiction', 'Womens Fiction Chick Lit', 'Adult', 'Love']",1.0,,https://www.goodreads.com//book/show/11505797-beautiful-disaster
43,Hunted,P.C. Cast,170390,3528,3.91,323.0,2009.0,True,"['Young Adult', 'Paranormal Vampires', 'Fantasy', 'Fantasy Paranormal', 'Romance', 'Fiction', 'Fantasy Supernatural', 'Fantasy Urban Fantasy', 'Romance Paranormal Romance', 'Fantasy Magic']",1.0,United States,https://www.goodreads.com//book/show/4134071-hunted
44,Poison Study,Maria V. Snyder,152976,12036,4.09,427.0,2007.0,True,"['Fantasy', 'Young Adult', 'Romance', 'Fantasy Magic', 'Fiction', 'Fantasy Paranormal', 'Fantasy High Fantasy', 'Young Adult Young Adult Fantasy', 'Adventure', 'New Adult']",3.0,,https://www.goodreads.com//book/show/60510.Poison_Study
45,Crescendo,Becca Fitzpatrick,288094,11404,4.02,432.0,2010.0,True,"['Young Adult', 'Fantasy', 'Paranormal Angels', 'Fantasy Paranormal', 'Romance', 'Romance Paranormal Romance', 'Fantasy Supernatural', 'Fiction', 'Fantasy Urban Fantasy', 'Young Adult Young Adult Fantasy']",1.0,United States,https://www.goodreads.com//book/show/7791997-crescendo
46,The Catcher in the Rye,J.D. Salinger,2857467,60330,3.81,277.0,2001.0,False,"['Classics', 'Fiction', 'Young Adult', 'Literature', 'Academic School', 'Novels', 'Young Adult Coming Of Age', 'Young Adult High School', 'Literature American', 'Academic Read For School']",2.0,United States,https://www.goodreads.com//book/show/5107.The_Catcher_in_the_Rye
47,Among the Hidden,Margaret Peterson Haddix,114399,6275,3.98,153.0,2006.0,True,"['Young Adult', 'Science Fiction Dystopia', 'Science Fiction', 'Fiction', 'Childrens Middle Grade', 'Childrens', 'Fantasy', 'Adventure', 'Academic School', 'Young Adult Teen']",5.0,,https://www.goodreads.com//book/show/227651.Among_the_Hidden
48,The Mysterious Benedict Society,Trenton Lee Stewart,128796,10837,4.17,497.0,2008.0,True,"['Mystery', 'Fiction', 'Young Adult', 'Childrens Middle Grade', 'Fantasy', 'Childrens', 'Adventure', 'Childrens Juvenile', 'Science Fiction', 'Audiobook']",3.0,,https://www.goodreads.com//book/show/40605329-the-mysterious-benedict-society
49,The Awakening,Kelley Armstrong,111554,3320,4.13,360.0,2009.0,True,"['Young Adult', 'Fantasy', 'Fantasy Paranormal', 'Fantasy Urban Fantasy', 'Fantasy Supernatural', 'Romance', 'Fantasy Magic', 'Shapeshifters Werewolves', 'Paranormal Ghosts', 'Fiction']",1.0,United States,https://www.goodreads.com//book/show/5391115-the-awakening
50,Fablehaven,Brandon Mull,141774,10161,4.09,351.0,2006.0,True,"['Fantasy', 'Young Adult', 'Childrens Middle Grade', 'Fiction', 'Childrens', 'Adventure', 'Fantasy Magic', 'Childrens Juvenile', 'Young Adult Young Adult Fantasy', 'Science Fiction Fantasy']",2.0,United States,https://www.goodreads.com//book/show/44652.Fablehaven
51,City of Lost Souls,Cassandra Clare,451295,20878,4.25,546.0,2012.0,True,"['Fantasy', 'Young Adult', 'Romance', 'Fantasy Paranormal', 'Fantasy Urban Fantasy', 'Paranormal Vampires', 'Paranormal Angels', 'Fiction', 'Fantasy Supernatural', 'Fantasy Magic']",1.0,United States,https://www.goodreads.com//book/show/8755776-city-of-lost-souls
52,Throne of Glass,Sarah J. Maas,671268,47795,4.19,406.0,2012.0,True,"['Young Adult', 'Fiction', 'Fantasy Magic', 'Young Adult Young Adult Fantasy', 'Fantasy High Fantasy', 'New Adult', 'Adventure', 'Fantasy Paranormal', 'Fairies Fae', 'Mystery']",3.0,,https://www.goodreads.com//book/show/7896527-throne-of-glass
53,Uglies,Scott Westerfeld,581891,23952,3.85,425.0,2005.0,True,"['Young Adult', 'Science Fiction Dystopia', 'Science Fiction', 'Fiction', 'Fantasy', 'Romance', 'Young Adult Teen', 'Adventure', 'Apocalyptic Post Apocalyptic', 'Science Fiction Fantasy']",11.0,,https://www.goodreads.com//book/show/24770.Uglies
54,Perfect Chemistry,Simone Elkeles,245957,10873,4.05,368.0,2008.0,True,"['Romance', 'Young Adult', 'Contemporary', 'Romance Contemporary Romance', 'Young Adult High School', 'Fiction', 'New Adult', 'Realistic Fiction', 'Womens Fiction Chick Lit', 'Young Adult Young Adult Romance']",4.0,United States,https://www.goodreads.com//book/show/4268157-perfect-chemistry
55,Brisingr,Christopher Paolini,318737,9255,4.05,748.0,2008.0,True,"['Fantasy', 'Young Adult', 'Fiction', 'Fantasy Dragons', 'Adventure', 'Fantasy Magic', 'Fantasy High Fantasy', 'Fantasy Epic Fantasy', 'Science Fiction Fantasy', 'Young Adult Young Adult Fantasy']",,,https://www.goodreads.com//book/show/2248573.Brisingr
56,Daughter of Smoke & Bone,Laini Taylor,331244,30039,3.99,418.0,2011.0,True,"['Fantasy', 'Young Adult', 'Romance', 'Fantasy Paranormal', 'Paranormal Angels', 'Fantasy Urban Fantasy', 'Fiction', 'Fantasy Magic', 'Young Adult Young Adult Fantasy', 'Fantasy Supernatural']",16.0,Czech Republic,https://www.goodreads.com//book/show/8490112-daughter-of-smoke-bone
57,Magyk,Angie Sage,115525,5213,3.82,564.0,2005.0,True,"['Fantasy', 'Young Adult', 'Fantasy Magic', 'Fiction', 'Childrens Middle Grade', 'Childrens', 'Adventure', 'Young Adult Young Adult Fantasy', 'Audiobook', 'Fantasy High Fantasy']",1.0,,https://www.goodreads.com//book/show/769483.Magyk
58,Glass Houses,Rachel Caine,97436,4893,3.9,239.0,2006.0,True,"['Paranormal Vampires', 'Young Adult', 'Fantasy Paranormal', 'Fantasy', 'Fantasy Urban Fantasy', 'Romance', 'Fantasy Supernatural', 'Fiction', 'Romance Paranormal Romance', 'Paranormal Ghosts']",,United States,https://www.goodreads.com//book/show/27266.Glass_Houses
59,The Luxe,Anna Godbersen,71140,4622,3.63,433.0,2007.0,True,"['Historical Historical Fiction', 'Young Adult', 'Romance', 'Historical', 'Fiction', 'Womens Fiction Chick Lit', 'Romance Historical Romance', 'Young Adult Teen', 'Drama', 'Mystery']",1.0,United States,https://www.goodreads.com//book/show/1254951.The_Luxe
60,Obsidian,Jennifer L. Armentrout,243411,18477,4.16,335.0,2012.0,True,"['Young Adult', 'Fantasy Paranormal', 'Fantasy', 'Romance', 'Science Fiction Aliens', 'Science Fiction', 'Romance Paranormal Romance', 'Fantasy Supernatural', 'Fantasy Urban Fantasy', 'Fiction']",,United States,https://www.goodreads.com//book/show/12578077-obsidian
61,Tempted,P.C. Cast,156828,3429,3.94,319.0,2009.0,True,"['Young Adult', 'Paranormal Vampires', 'Fantasy', 'Fantasy Paranormal', 'Romance', 'Fantasy Supernatural', 'Fiction', 'Romance Paranormal Romance', 'Fantasy Urban Fantasy', 'Fantasy Magic']",1.0,United States,https://www.goodreads.com//book/show/6262365-tempted
62,Torment,Lauren Kate,217519,8033,3.86,452.0,2010.0,True,"['Young Adult', 'Fantasy', 'Paranormal Angels', 'Romance', 'Fantasy Paranormal', 'Romance Paranormal Romance', 'Fantasy Supernatural', 'Fiction', 'Fantasy Urban Fantasy', 'Young Adult Teen']",,United States,https://www.goodreads.com//book/show/7740152-torment
63,Moon Called,Patricia Briggs,186960,8681,4.13,289.0,2006.0,True,"['Fantasy Urban Fantasy', 'Fantasy', 'Fantasy Paranormal', 'Paranormal Vampires', 'Romance', 'Shapeshifters Werewolves', 'Romance Paranormal Romance', 'Fiction', 'Paranormal Shapeshifters', 'Fantasy Supernatural']",,United States,https://www.goodreads.com//book/show/71811.Moon_Called
64,Specials,Scott Westerfeld,174444,8008,3.76,384.0,2006.0,True,"['Young Adult', 'Science Fiction Dystopia', 'Science Fiction', 'Fiction', 'Fantasy', 'Romance', 'Young Adult Teen', 'Adventure', 'Apocalyptic Post Apocalyptic', 'Futuristic']",,,https://www.goodreads.com//book/show/24765.Specials
65,Cross My Heart and Hope to Spy,Ally Carter,85251,3467,4.12,236.0,2007.0,True,"['Young Adult', 'Mystery', 'Romance', 'Contemporary', 'Fiction', 'Spy Thriller Espionage', 'Adventure', 'Womens Fiction Chick Lit', 'Young Adult Teen', 'Action']",,United States,https://www.goodreads.com//book/show/568645.Cross_My_Heart_and_Hope_to_Spy
66,The Goose Girl,Shannon Hale,140060,10152,4.1,383.0,2005.0,True,"['Fantasy', 'Young Adult', 'Fantasy Fairy Tales', 'Romance', 'Fiction', 'Retellings', 'Childrens Middle Grade', 'Adventure', 'Childrens', 'Young Adult Young Adult Fantasy']",4.0,,https://www.goodreads.com//book/show/179064.The_Goose_Girl
67,The Historian,Elizabeth Kostova,250731,16493,3.78,704.0,2005.0,False,"['Fiction', 'Historical Historical Fiction', 'Fantasy', 'Horror', 'Mystery', 'Paranormal Vampires', 'Historical', 'Fantasy Paranormal', 'Gothic', 'Thriller']",5.0,Netherlands,https://www.goodreads.com//book/show/30236962-the-historian
68,Alanna: The First Adventure,Tamora Pierce,123018,5191,4.23,274.0,2005.0,True,"['Fantasy', 'Young Adult', 'Fiction', 'Adventure', 'Fantasy Magic', 'Young Adult Young Adult Fantasy', 'Childrens Middle Grade', 'Fantasy High Fantasy', 'Childrens', 'Young Adult Teen']",3.0,,https://www.goodreads.com//book/show/13831.Alanna
69,Fairest,Gail Carson Levine,62408,4171,3.88,326.0,2006.0,True,"['Fantasy', 'Young Adult', 'Fantasy Fairy Tales', 'Romance', 'Fiction', 'Childrens Middle Grade', 'Retellings', 'Fantasy Magic', 'Childrens', 'Fairy Tales Fairy Tale Retellings']",,,https://www.goodreads.com//book/show/183660.Fairest
70,Unwind,Neal Shusterman,202190,19136,4.16,337.0,2007.0,True,"['Young Adult', 'Science Fiction Dystopia', 'Science Fiction', 'Fiction', 'Fantasy', 'Horror', 'Young Adult Teen', 'Thriller', 'Adventure', 'Adventure Survival']",12.0,United States,https://www.goodreads.com//book/show/764347.Unwind
71,Bloodlines,Richelle Mead,175253,8404,4.19,421.0,2011.0,True,"['Young Adult', 'Paranormal Vampires', 'Fantasy', 'Fantasy Paranormal', 'Romance', 'Fantasy Urban Fantasy', 'Fantasy Magic', 'Fantasy Supernatural', 'Romance Paranormal Romance', 'Fiction']",1.0,United States,https://www.goodreads.com//book/show/8709527-bloodlines
72,Heist Society,Ally Carter,90312,5301,3.9,287.0,2010.0,True,"['Young Adult', 'Mystery', 'Contemporary', 'Romance', 'Fiction', 'Adventure', 'Young Adult Teen', 'Mystery Crime', 'Womens Fiction Chick Lit', 'Realistic Fiction']",3.0,United States,https://www.goodreads.com//book/show/6574102-heist-society
73,Hex Hall,Rachel Hawkins,140284,8484,3.92,323.0,2010.0,True,"['Young Adult', 'Fantasy', 'Fantasy Paranormal', 'Fantasy Magic', 'Romance', 'Paranormal Vampires', 'Paranormal Witches', 'Fantasy Supernatural', 'Fantasy Urban Fantasy', 'Paranormal Demons']",,United States,https://www.goodreads.com//book/show/5287473-hex-hall
74,"Night World, No. 1",L.J. Smith,61878,2154,4.05,729.0,2008.0,True,"['Young Adult', 'Paranormal Vampires', 'Fantasy', 'Fantasy Paranormal', 'Romance', 'Fantasy Supernatural', 'Paranormal Witches', 'Romance Paranormal Romance', 'Fiction', 'Fantasy Magic']",,,https://www.goodreads.com//book/show/3099787-night-world-no-1
75,The Red Pyramid,Rick Riordan,339988,13539,4.08,516.0,2010.0,True,"['Fantasy', 'Young Adult', 'Fantasy Mythology', 'Childrens Middle Grade', 'Adventure', 'Fiction', 'Childrens', 'Fantasy Magic', 'Fantasy Urban Fantasy', 'Science Fiction Fantasy']",5.0,United Kingdom,https://www.goodreads.com//book/show/7090447-the-red-pyramid
76,Just Listen,Sarah Dessen,238549,8231,4.05,371.0,2006.0,False,"['Young Adult', 'Romance', 'Contemporary', 'Fiction', 'Realistic Fiction', 'Womens Fiction Chick Lit', 'Young Adult Teen', 'Music', 'Young Adult Young Adult Contemporary', 'Young Adult High School']",5.0,United States,https://www.goodreads.com//book/show/51738.Just_Listen
77,The Shadow of the Wind,Carlos Ruiz Zaf√≥n,495910,38232,4.27,487.0,,True,"['Fiction', 'Historical Historical Fiction', 'Mystery', 'Fantasy', 'Writing Books About Books', 'Historical', 'Cultural Spain', 'Magical Realism', 'European Literature Spanish Literature', 'Gothic']",11.0,Spain,https://www.goodreads.com//book/show/1232.The_Shadow_of_the_Wind
78,Anna and the French Kiss,Stephanie Perkins,379657,30250,4.0,372.0,2010.0,True,"['Young Adult', 'Romance', 'Contemporary', 'Womens Fiction Chick Lit', 'Fiction', 'Realistic Fiction', 'Young Adult Young Adult Contemporary', 'Romance Contemporary Romance', 'Young Adult Young Adult Romance', 'Young Adult Teen']",9.0,France,https://www.goodreads.com//book/show/6936382-anna-and-the-french-kiss
79,Clockwork Princess,Cassandra Clare,366574,31956,4.55,567.0,2013.0,True,"['Fantasy', 'Young Adult', 'Romance', 'Fantasy Paranormal', 'Science Fiction Steampunk', 'Historical Historical Fiction', 'Fantasy Urban Fantasy', 'Paranormal Angels', 'Fiction', 'Historical']",1.0,United Kingdom,https://www.goodreads.com//book/show/18335634-clockwork-princess
80,The Looking Glass Wars,Frank Beddor,42180,3860,3.93,364.0,2006.0,True,"['Fantasy', 'Young Adult', 'Fiction', 'Retellings', 'Adventure', 'Science Fiction Steampunk', 'Fantasy Magic', 'Fantasy Fairy Tales', 'Young Adult Young Adult Fantasy', 'Young Adult Teen']",1.0,,https://www.goodreads.com//book/show/44170.The_Looking_Glass_Wars
81,The Subtle Knife,Philip Pullman,387665,10700,4.13,370.0,,True,"['Fantasy', 'Young Adult', 'Fiction', 'Childrens', 'Adventure', 'Science Fiction', 'Science Fiction Fantasy', 'Audiobook', 'Science Fiction Steampunk', 'Childrens Middle Grade']",2.0,,https://www.goodreads.com//book/show/41637836-the-subtle-knife
82,Silence,Becca Fitzpatrick,253224,8256,4.11,448.0,2011.0,True,"['Young Adult', 'Fantasy', 'Paranormal Angels', 'Romance', 'Fantasy Paranormal', 'Romance Paranormal Romance', 'Fantasy Supernatural', 'Fiction', 'Fantasy Urban Fantasy', 'Young Adult Young Adult Fantasy']",1.0,United States,https://www.goodreads.com//book/show/10637766-silence
83,Evernight,Claudia Gray,78984,3319,3.64,327.0,2008.0,True,"['Young Adult', 'Paranormal Vampires', 'Fantasy', 'Fantasy Paranormal', 'Romance', 'Romance Paranormal Romance', 'Fantasy Supernatural', 'Fantasy Urban Fantasy', 'Fiction', 'Young Adult Teen']",,,https://www.goodreads.com//book/show/2722413-evernight
84,Blue Moon,Alyson Noel,91569,3764,3.6,284.0,2009.0,True,"['Young Adult', 'Fantasy', 'Fantasy Paranormal', 'Romance', 'Fantasy Supernatural', 'Romance Paranormal Romance', 'Fiction', 'Fantasy Magic', 'Fantasy Urban Fantasy', 'Young Adult Teen']",1.0,United States,https://www.goodreads.com//book/show/6134826-blue-moon
85,Masquerade,Melissa de la Cruz,89798,2145,3.9,307.0,2007.0,True,"['Young Adult', 'Paranormal Vampires', 'Fantasy', 'Fantasy Paranormal', 'Romance', 'Fantasy Supernatural', 'Paranormal Angels', 'Fantasy Urban Fantasy', 'Fiction', 'Romance Paranormal Romance']",,,https://www.goodreads.com//book/show/106085.Masquerade
86,Vampire Kisses,Ellen Schreiber,49682,2317,3.72,253.0,2005.0,True,"['Paranormal Vampires', 'Young Adult', 'Fantasy Paranormal', 'Fantasy', 'Romance', 'Romance Paranormal Romance', 'Fantasy Supernatural', 'Fiction', 'Young Adult Teen', 'Fantasy Urban Fantasy']",,,https://www.goodreads.com//book/show/263147.Vampire_Kisses
87,Don't Judge a Girl by Her Cover,Ally Carter,65809,2688,4.21,263.0,2009.0,True,"['Young Adult', 'Mystery', 'Romance', 'Contemporary', 'Fiction', 'Spy Thriller Espionage', 'Adventure', 'Womens Fiction Chick Lit', 'Young Adult Teen', 'Action']",1.0,United States,https://www.goodreads.com//book/show/5267365-don-t-judge-a-girl-by-her-cover
88,The Sweet Far Thing,Libba Bray,68474,3876,3.95,819.0,2007.0,True,"['Fantasy', 'Young Adult', 'Historical Historical Fiction', 'Historical', 'Fiction', 'Romance', 'Fantasy Paranormal', 'Fantasy Magic', 'Young Adult Young Adult Fantasy', 'Young Adult Teen']",,,https://www.goodreads.com//book/show/127459.The_Sweet_Far_Thing
89,Linger,Maggie Stiefvater,159654,9645,3.89,362.0,2010.0,True,"['Young Adult', 'Fantasy', 'Romance', 'Fantasy Paranormal', 'Shapeshifters Werewolves', 'Fiction', 'Romance Paranormal Romance', 'Fantasy Supernatural', 'Fantasy Urban Fantasy', 'Young Adult Young Adult Fantasy']",1.0,United States,https://www.goodreads.com//book/show/6654313-linger
90,Rebel Angels,Libba Bray,111176,3404,3.92,548.0,2006.0,True,"['Fantasy', 'Young Adult', 'Historical Historical Fiction', 'Historical', 'Fiction', 'Romance', 'Fantasy Paranormal', 'Fantasy Magic', 'Young Adult Teen', 'Young Adult Young Adult Fantasy']",,,https://www.goodreads.com//book/show/51428.Rebel_Angels
91,Touched,Elisa S. Amore,6084,683,3.79,,2016.0,True,"['Fantasy', 'Fantasy Paranormal', 'Young Adult', 'Romance', 'Paranormal Angels', 'Romance Paranormal Romance', 'Fantasy Urban Fantasy', 'Fantasy Supernatural', 'Fiction', 'Unfinished']",,United States,https://www.goodreads.com//book/show/28666513-touched
92,Acheron,Sherrilyn Kenyon,56165,3676,4.55,728.0,2008.0,True,"['Romance Paranormal Romance', 'Fantasy Paranormal', 'Romance', 'Fantasy', 'Paranormal Vampires', 'Fantasy Urban Fantasy', 'Fantasy Mythology', 'Adult', 'Fiction', 'Paranormal Demons']",,United States,https://www.goodreads.com//book/show/2299110.Acheron
93,Revelations,Melissa de la Cruz,76212,1651,3.9,264.0,2008.0,True,"['Young Adult', 'Paranormal Vampires', 'Fantasy', 'Fantasy Paranormal', 'Romance', 'Paranormal Angels', 'Fantasy Supernatural', 'Fantasy Urban Fantasy', 'Romance Paranormal Romance', 'Fiction']",,,https://www.goodreads.com//book/show/2753843-revelations
94,Shadowland,Jenny Carroll,66945,2510,4.02,287.0,,True,"['Young Adult', 'Fantasy', 'Fantasy Paranormal', 'Romance', 'Paranormal Ghosts', 'Fiction', 'Fantasy Supernatural', 'Mystery', 'Womens Fiction Chick Lit', 'Young Adult Teen']",,United States,https://www.goodreads.com//book/show/187811.Shadowland
95,Coilhunter,Dean F. Wilson,914,129,4.14,210.0,2017.0,True,"['Science Fiction', 'Science Fiction Steampunk', 'Westerns', 'Fantasy', 'Science Fiction Dystopia', 'Westerns Weird West', 'Fiction', 'Action', 'Audiobook', 'Business Amazon']",,,https://www.goodreads.com//book/show/33977027-coilhunter
96,Wake,Lisa McMann,80037,5481,3.75,210.0,2008.0,True,"['Young Adult', 'Romance', 'Fiction', 'Fantasy Supernatural', 'Fantasy', 'Mystery', 'Young Adult Teen', 'Fantasy Urban Fantasy', 'Fantasy Paranormal', 'Romance Paranormal Romance']",3.0,United States,https://www.goodreads.com//book/show/1661957.Wake
97,The Son of Neptune,Rick Riordan,442692,16539,4.42,513.0,2011.0,True,"['Fantasy', 'Young Adult', 'Fantasy Mythology', 'Fiction', 'Childrens Middle Grade', 'Adventure', 'Childrens', 'Mythology Greek Mythology', 'Fantasy Urban Fantasy', 'Young Adult Young Adult Fantasy']",2.0,United States,https://www.goodreads.com//book/show/9520360-the-son-of-neptune
98,The Van Alen Legacy,Melissa de la Cruz,64378,1538,3.95,369.0,2009.0,True,"['Young Adult', 'Paranormal Vampires', 'Fantasy', 'Fantasy Paranormal', 'Romance', 'Paranormal Angels', 'Fantasy Supernatural', 'Fantasy Urban Fantasy', 'Fiction', 'Romance Paranormal Romance']",1.0,,https://www.goodreads.com//book/show/6267237-the-van-alen-legacy
99,Terrier,Tamora Pierce,69337,1998,4.1,581.0,2006.0,True,"['Fantasy', 'Young Adult', 'Fiction', 'Fantasy Magic', 'Young Adult Young Adult Fantasy', 'Adventure', 'Mystery', 'Fantasy High Fantasy', 'Young Adult Teen', 'Childrens']",3.0,,https://www.goodreads.com//book/show/13829.Terrier
